{"loss": 0.020780153572559357, "_timestamp": 1746487177.5100431, "_runtime": 12.787122249603271, "_step": 21, "_wandb": {"runtime": 13}}