{"loss": 0.005677009001374245, "_timestamp": 1746487083.9523046, "_runtime": 75.56606864929199, "_step": 242, "recon_gallery": {"_type": "images/separated", "width": 192, "height": 96, "format": "png", "count": 8, "filenames": ["media/images/recon_gallery_190_b7bd3678a1dbdd884021.png", "media/images/recon_gallery_190_d5af7012d3d555ac110b.png", "media/images/recon_gallery_190_508a305aae370edbf344.png", "media/images/recon_gallery_190_b803e3299ad90af96dcd.png", "media/images/recon_gallery_190_f4c476224bbc1c5a09cb.png", "media/images/recon_gallery_190_b371c237106e700a5168.png", "media/images/recon_gallery_190_1afaccb3c43769036f07.png", "media/images/recon_gallery_190_65e35416bdbf5a86842a.png"], "captions": ["E1_idx0", "E1_idx1", "E1_idx2", "E1_idx3", "E1_idx4", "E1_idx5", "E1_idx6", "E1_idx7"]}, "epoch": 1, "epoch_loss": 0.006870576675902022, "_wandb": {"runtime": 75}}