{"loss": 0.0043782019056379795, "_timestamp": 1746487652.407639, "_runtime": 434.9428930282593, "_step": 419, "recon_gallery": {"_type": "images/separated", "width": 192, "height": 96, "format": "png", "count": 8, "filenames": ["media/images/recon_gallery_418_ccd17576f2ee898d79e2.png", "media/images/recon_gallery_418_ef1f8666b0a1b02aa1a7.png", "media/images/recon_gallery_418_3ca15359d28d1ca68339.png", "media/images/recon_gallery_418_a2402a68d442911f019e.png", "media/images/recon_gallery_418_d1cbc8904f917613f0ca.png", "media/images/recon_gallery_418_5744d9d493f8aaece803.png", "media/images/recon_gallery_418_c109733069c581fc7a25.png", "media/images/recon_gallery_418_72866b3f7b2811c827aa.png"], "captions": ["E9_idx0", "E9_idx1", "E9_idx2", "E9_idx3", "E9_idx4", "E9_idx5", "E9_idx6", "E9_idx7"]}, "epoch": 9, "epoch_loss": 0.0041739750769920645, "_wandb": {"runtime": 434}}