{"loss": 0.004005172289907932, "_timestamp": 1746486925.9100752, "_runtime": 71.16782116889954, "_step": 397, "_wandb": {"runtime": 70}}