{"loss": 0.009786203503608704, "_timestamp": 1746487151.1488378, "_runtime": 34.82789373397827, "_step": 62, "recon_gallery": {"_type": "images/separated", "width": 192, "height": 96, "format": "png", "count": 8, "filenames": ["media/images/recon_gallery_47_6349f773f4de401a85b2.png", "media/images/recon_gallery_47_a0ba81b5654bf2499143.png", "media/images/recon_gallery_47_82c2b9369c2960680c01.png", "media/images/recon_gallery_47_40a9db9d012a4020b2ee.png", "media/images/recon_gallery_47_ebb1aeb8ce0a4a927346.png", "media/images/recon_gallery_47_ab37293a2fc027462a22.png", "media/images/recon_gallery_47_515d28794069a303cef4.png", "media/images/recon_gallery_47_282dd488d10a95592a38.png"], "captions": ["E0_idx0", "E0_idx1", "E0_idx2", "E0_idx3", "E0_idx4", "E0_idx5", "E0_idx6", "E0_idx7"]}, "epoch": 0, "epoch_loss": 0.03859532047855727, "_wandb": {"runtime": 35}}