{"loss": 0.006773065775632858, "_timestamp": 1746486995.9272044, "_runtime": 58.82048726081848, "_step": 223, "_wandb": {"runtime": 58}}